name,cooldown,cost,costIncrement,damage,damageIncrement,range,rangeIncrement,r,g,b
ICE,7,63.0,1.9,1.425,1.0450001,157.5,1.365,0.0,0.0,255.0
CANNON,9,47.25,1.568,19.0,1.0450001,210.0,1.26,120.0,120.0,120.0
LIGHTNING,50,315.0,1.425,71.25,1.9,262.5,1.155,255.0,0.0,255.0
SNIPER,100,262.5,1.615,570.0,1.9,1470.0,1.155,61.0,108.0,42.0
POISON,20,315.0,1.805,1.9,1.425,157.5,1.155,0.0,100.0,200.0
BOOST,1,420.0,1.9,1.52,1.3299999,105.0,1.102,255.0,180.0,0.0
