name,cooldown,cost,costIncrement,damage,damageIncrement,range,rangeIncrement,r,g,b
ICE,7,69.0,1.6999999,1.275,0.93500006,172.5,1.495,0.0,0.0,255.0
CANNON,9,51.75,1.4039999,17.0,0.93500006,230.0,1.38,120.0,120.0,120.0
LIGHTNING,50,345.0,1.275,63.75,1.6999999,287.5,1.265,255.0,0.0,255.0
SNIPER,100,287.5,1.445,510.0,1.6999999,1610.0,1.265,61.0,108.0,42.0
POISON,20,345.0,1.615,1.6999999,1.275,172.5,1.265,0.0,100.0,200.0
BOOST,1,460.0,1.6999999,1.36,1.1899999,115.0,1.206,255.0,180.0,0.0
