name,cooldown,cost,costIncrement,damage,damageIncrement,range,rangeIncrement,r,g,b
ICE,7,78.0,1.3999999,1.05,0.7700001,195.0,1.69,0.0,0.0,255.0
CANNON,9,58.5,1.1579999,14.0,0.7700001,260.0,1.56,120.0,120.0,120.0
LIGHTNING,50,390.0,1.05,52.5,1.3999999,325.0,1.43,255.0,0.0,255.0
SNIPER,100,325.0,1.19,420.0,1.3999999,1820.0,1.43,61.0,108.0,42.0
POISON,20,390.0,1.33,1.3999999,1.05,195.0,1.43,0.0,100.0,200.0
BOOST,1,520.0,1.3999999,1.12,0.9799999,130.0,1.362,255.0,180.0,0.0
